{"sections":{"image_banner":{"type":"image-banner","blocks":{"heading":{"type":"heading","settings":{"heading":"Welcome To Red's Team Sports!","heading_size":"h0"}},"text":{"type":"text","settings":{"text":"","text_style":"body"}},"button":{"type":"buttons","settings":{"button_label_1":"Shop School","button_link_1":"shopify:\/\/collections\/all","button_style_secondary_1":true,"button_label_2":"Head on over to the Design Lab","button_link_2":"https:\/\/rtsapparel.layoutlab.com\/DesignerBoard\/Artwork","button_style_secondary_2":false}}},"block_order":["heading","text","button"],"settings":{"image":"shopify:\/\/shop_images\/RTS-Banners-1800x600_2048x.progressive_40849ee6-882d-447c-bb13-7dad6cec4aa2.webp","image_overlay_opacity":40,"image_height":"small","adapt_height_first_image":false,"desktop_content_position":"bottom-center","show_text_box":false,"desktop_content_alignment":"center","color_scheme":"inverse","mobile_content_alignment":"center","stack_images_on_mobile":false,"show_text_below":false}},"16551056189184bc82":{"type":"apps","settings":{"include_margins":true}},"rich_text":{"type":"rich-text","blocks":{"heading":{"type":"heading","settings":{"heading":"RTS EMBROIDERY","heading_size":"h1"}},"text":{"type":"text","settings":{"text":"<p>Family owned business since 1989. <\/p><p>Design custom logos on uniforms, to backpacks, tumblers, and hats!<\/p><p>Fast and secure shipping!<\/p>"}}},"block_order":["heading","text"],"settings":{"color_scheme":"accent-1","full_width":true,"padding_top":40,"padding_bottom":44}},"featured_collection":{"type":"featured-collection","disabled":true,"settings":{"title":"Featured products","heading_size":"h2","description":"","show_description":false,"description_style":"body","collection":"all","products_to_show":8,"columns_desktop":4,"full_width":false,"show_view_all":false,"view_all_style":"solid","enable_desktop_slider":false,"color_scheme":"background-1","image_ratio":"adapt","show_secondary_image":true,"show_vendor":false,"show_rating":false,"enable_quick_add":false,"columns_mobile":"2","swipe_on_mobile":false,"padding_top":28,"padding_bottom":36}},"collage":{"type":"collage","blocks":{"product":{"type":"product","settings":{"product":"xara-hopper-ball-bag","second_image":true}},"collection-0":{"type":"collection","settings":{"collection":"sportswear"}},"collection-1":{"type":"collection","settings":{"collection":"clearance"}}},"block_order":["product","collection-0","collection-1"],"settings":{"heading":"Design Made Differently","heading_size":"h1","desktop_layout":"left","mobile_layout":"collage","color_scheme":"accent-1","padding_top":36,"padding_bottom":36}},"video":{"type":"video","disabled":true,"settings":{"heading":"","heading_size":"h1","video_url":"https:\/\/www.youtube.com\/watch?v=_9VUPq3SxOc","description":"","full_width":false,"color_scheme":"background-1","padding_top":36,"padding_bottom":36}},"multicolumn":{"type":"multicolumn","blocks":{"column1":{"type":"column","settings":{"image":"shopify:\/\/shop_images\/Patel-High-School-TS-Banner.jpg","title":"","text":"","link_label":"Patel High School","link":"#"}},"column2":{"type":"column","settings":{"image":"shopify:\/\/shop_images\/LUTZ-Prep-Academy-TS-Banner.jpg","title":"","text":"","link_label":"Lutz Prep Academy","link":"#"}},"column3":{"type":"column","settings":{"image":"shopify:\/\/shop_images\/Slam-Academy-Apollo-Beach-TS-Banner_10760427-d045-4c50-a53c-a8893cd950a0.jpg","title":"","text":"","link_label":"Slam Apollo Beach","link":"#"}},"4a6aa636-af67-4163-bd11-59688f91003c":{"type":"column","settings":{"image":"shopify:\/\/shop_images\/Southshore-Charter--TS-Banner.jpg","title":"","text":"","link_label":"Southshore Charter Academy","link":"#"}},"a2d8b461-9880-4588-8a66-11c42b9bb639":{"type":"column","disabled":true,"settings":{"title":"Column","text":"<p>Pair text with an image to focus on your chosen product, collection, or blog post. Add details on availability, style, or even provide a review.<\/p>","link_label":"","link":""}}},"block_order":["column1","column2","column3","4a6aa636-af67-4163-bd11-59688f91003c","a2d8b461-9880-4588-8a66-11c42b9bb639"],"settings":{"title":"Join Us Back to School!","heading_size":"h0","image_width":"full","image_ratio":"adapt","columns_desktop":3,"column_alignment":"center","background_style":"none","button_label":"","button_link":"","color_scheme":"accent-1","columns_mobile":"1","swipe_on_mobile":false,"padding_top":36,"padding_bottom":36}}},"order":["image_banner","16551056189184bc82","rich_text","featured_collection","collage","video","multicolumn"]}